PROJECT NAME, INSTANCE NAME , ZONE
ld-ds-rmp-sandbox,bb-analysis,us-east1-b
ld-ds-rmp-sandbox,bb-analysis-16-60-basic,us-east1-b
ld-ds-rmp-sandbox,bb-analysis-16-60g,us-east1-b
ld-ds-rmp-sandbox,maryam-test,us-east1-b
loblaw-dna-hadoop-dev1,vltdpoc01,northamerica-northeast1-a
lt-adp-exp-attunitypoc,att-poc-mig-001-vm-001,northamerica-northeast1-a
lt-adp-exp-attunitypoc,att-poc-mig-002-vm-001,northamerica-northeast1-b
lt-adp-exp-attunitypoc,vladpattexp001,northamerica-northeast1-b
lt-adp-exp-attunitypoc,vladpattexp003,northamerica-northeast1-b
lt-adp-exp-hdps,vladphdpsexp001,northamerica-northeast1-b
lt-adp-exp-mstr,vladpmstrexp001,northamerica-northeast1-b
lt-adp-exp-mstr,vladpmstrexp002,northamerica-northeast1-b
lt-adp-exp-mstr,vwadpmstrexp001,northamerica-northeast1-b
lt-adp-exp-ppsapp,vlppsadpexp001,northamerica-northeast1-a
lt-adp-exp-ppsapp,vwinserexp001,northamerica-northeast1-a
lt-adp-prd,vlbatch360prd001,northamerica-northeast1-b
lt-adp-prd,vwinserprd001,northamerica-northeast1-b
lt-adp-prd,vwinserval001,northamerica-northeast1-b
lt-adp-prd-mstr,vladpmstrprd001,northamerica-northeast1-b
lt-adp-prd-mstr,vladpmstrprd003,northamerica-northeast1-b
lt-adp-prd-mstr,vwadpmstrprd001,northamerica-northeast1-b
lt-adp-prd-mstr,vladpmstrprd002,northamerica-northeast1-c
lt-adp-prd-ppsapp,vlppsadpprd001,northamerica-northeast1-a
lt-adp-prd-ppsapp,vwppsadpprd001,northamerica-northeast1-a
lt-adp-prd-shnpbigwy,vwshnbigwprd002,northamerica-northeast1-b
lt-adp-preprd-mstr,vladpmstrpreprd001,northamerica-northeast1-a
lt-adp-preprd-mstr,vwadpmstrpreprd001,northamerica-northeast1-a
lt-adp-td-etl-prd,vltdetljdbcprd001,northamerica-northeast1-b
lt-adp-td-etl-prd,vltdetljdbcprd002,northamerica-northeast1-b
lt-adp-td-etl-prd,vltdetloracleprd001,northamerica-northeast1-b
lt-adp-td-etl-prd,vltdetloracleprd002,northamerica-northeast1-b
lt-adp-td-etl-prd,vltdprd001,northamerica-northeast1-b
lt-adp-val-mstr,vladpmstrval001,northamerica-northeast1-b
lt-aps-dndo-upr,vldndoexp001,northamerica-northeast1-b
lt-aps-etl-prd,att-pool1-lt-aps-etl-prd-runner-autoscaler-0,northamerica-northeast1-b
lt-aps-etl-prd,pool1-v20210121-1668792350-f95725bc,northamerica-northeast1-b
lt-aps-etl-prd,vltdanspr001,northamerica-northeast1-b
lt-aps-etl-prd,vltddbapr001,northamerica-northeast1-b
lt-aps-etl-prd,vltdpr001,northamerica-northeast1-b
lt-aps-mstr-sbx,vlmstrsbx001,northamerica-northeast1-b
lt-aps-mstr-sbx,vlmstrsbx002,northamerica-northeast1-b
lt-aps-mstr-sbx,vlmstrsbx003,northamerica-northeast1-b
lt-aps-mstr-sbx,vwmstrsbx001,northamerica-northeast1-b
lt-aps-sas-exp,vlpyexp001,northamerica-northeast1-b
lt-aps-sas-exp,vlsasexp001,northamerica-northeast1-b
lt-aps-sas-exp,vlsasexp002,northamerica-northeast1-b
lt-aps-sas-exp,vlsasexp003,northamerica-northeast1-b
lt-aps-sas-upr,vlsaspr001,northamerica-northeast1-b
lt-aps-sas-upr,vlsaspr002,northamerica-northeast1-b
lt-aps-sas-upr,vlsaspr003,northamerica-northeast1-b
lt-aps-sbx,alirezatemp1,us-east1-b
lt-aps-sbx,alirezatf1,us-east1-b
lt-aps-sbx,pgclient,us-east1-b
lt-aps-sbx,abitest,northamerica-northeast1-a
lt-aps-sbx,ka-test-pythonmrg-srvr,northamerica-northeast1-a
lt-aps-sbx,test1,northamerica-northeast1-a
lt-aps-sbx,validatejsonkey,northamerica-northeast1-a
lt-aps-sbx,resize-instance-test,northamerica-northeast1-b
lt-aps-sre,test-scheduler,northamerica-northeast1-a
lt-aps-td-etl-prd,aps-pythonsrvr-prd-001,northamerica-northeast1-a
lt-aps-td-etl-prd,aps-pythonsrvr-vxnb-02,northamerica-northeast1-b
lt-aps-td-etl-prd,vltdetlprd001,northamerica-northeast1-b
lt-aps-td-etl-prd,vltdetlqa011,northamerica-northeast1-b
lt-aps-td-etl-prd,vwtdaprd001,northamerica-northeast1-b
lt-aps-tools,att-pool1-lt-aps-tools-runner-autoscaler-0,northamerica-northeast1-b
lt-aps-tools,lt-pool1-lt-aps-tools-runner-autoscaler-0,northamerica-northeast1-b
lt-aps-tools,pool1-v20210121-1683992362-b67549d5,northamerica-northeast1-b
lt-aps-tools-lwr,jump-box,northamerica-northeast1-a
lt-aps-tools-lwr,vlapsdv001,northamerica-northeast1-a
lt-aps-tools-lwr,vlapsdv002,northamerica-northeast1-a
lt-aps-tools-lwr,vlapsdv003,northamerica-northeast1-a
lt-aps-tools-lwr,vlapsdv004,northamerica-northeast1-a
lt-aps-tools-lwr,vlapsdv005,northamerica-northeast1-a
lt-aps-tools-lwr,vlapsdv006,northamerica-northeast1-a
lt-aps-tools-lwr,vlapsdv007,northamerica-northeast1-a
lt-aps-tools-lwr,vlapsdv008,northamerica-northeast1-a
lt-aps-tools-lwr,vwapsdv001,northamerica-northeast1-a
lt-aps-tools-lwr,vwapsdv002,northamerica-northeast1-a
lt-aps-tools-lwr,vwapsdv004,northamerica-northeast1-a
lt-aps-tools-lwr,vladpqg001,northamerica-northeast1-b
lt-aps-tools-lwr,vlapsjbxdv001,northamerica-northeast1-b
lt-aps-tools-lwr,vlapssbx003,northamerica-northeast1-b
lt-aps-tools-lwr,vlb360ufdv001,northamerica-northeast1-b
lt-aps-tools-td-etl-lwr,vltdetldv001,northamerica-northeast1-b
lt-aps-tools-td-etl-lwr,vltdetllwr001,northamerica-northeast1-b
lt-aps-tools-td-etl-lwr,vltdetlqa001,northamerica-northeast1-b
lt-aps-tools-td-etl-lwr,vltdetlqa002,northamerica-northeast1-b
lt-aps-tools-td-etl-lwr,vltdetlqa003,northamerica-northeast1-b
lt-aps-tools-td-etl-lwr,vltdetlqa004,northamerica-northeast1-b
lt-aps-tools-td-etl-lwr,vwtdpwrpoc001,northamerica-northeast1-b
lt-clc-lwr,vlclcdv001,northamerica-northeast1-a
lt-clc-lwr,vlclcdv002,northamerica-northeast1-a
lt-clc-lwr,vlclcdv003,northamerica-northeast1-a
lt-clc-lwr,vlclcdv004,northamerica-northeast1-a
lt-clc-lwr,vlclcdv005,northamerica-northeast1-a
lt-clc-lwr,vlclcgst001,northamerica-northeast1-b
lt-clc-upr,vlclcpr001,northamerica-northeast1-a
lt-clc-upr,vlclcpr002,northamerica-northeast1-a
lt-clc-upr,vlclcpr003,northamerica-northeast1-a
lt-clc-upr,vlclcpr004,northamerica-northeast1-a
lt-clc-upr,vlclcpr005,northamerica-northeast1-a
lt-clc-upr,vlclcgpt001,northamerica-northeast1-b
lt-clc-upr,vlclcprpt006,northamerica-northeast1-b
lt-clc-upr,vlfenpr001,northamerica-northeast1-b
lt-clgsol-sap-tools,vlclgsoltlsupr001,northamerica-northeast1-b
lt-datagov-prd,vldatagovprd001,northamerica-northeast1-b
lt-datagov-val,vldatagovval001,northamerica-northeast1-b
lt-dia-abi-data-exp,instance-test,northamerica-northeast1-a
lt-dia-abi-data-exp,vlabilakpr001,northamerica-northeast1-a
lt-dia-abi-data-exp,vlabilakpr002,northamerica-northeast1-b
lt-dia-abi-data-exp,vlabimrg001,northamerica-northeast1-b
lt-dia-abi-data-exp,vlabival001,northamerica-northeast1-b
lt-dia-abi-data-prod,vlabilakpr003,northamerica-northeast1-b
lt-dia-abi-data-val,vlabilakpr002,northamerica-northeast1-b
lt-dia-abi-int-exp,abint-ai-notebook,northamerica-northeast1-a
lt-dia-abi-int-exp,vlabisex001,northamerica-northeast1-b
lt-dia-aimlcoe-dis-upr,vlcoepr001,northamerica-northeast1-a
lt-dia-aimlcoe-dis-upr,vlcoepr002,northamerica-northeast1-a
lt-dia-aimlcoe-dis-upr,vlcoepr003,northamerica-northeast1-a
lt-dia-aimlcoe-dis-upr,vlcoepr004,northamerica-northeast1-a
lt-dia-aimlcoe-dis-upr,lt-dia-aimlcoe-dis-upr-dev-m,northamerica-northeast1-b
lt-dia-aimlcoe-dis-upr,lt-dia-aimlcoe-dis-upr-dev-w-0,northamerica-northeast1-b
lt-dia-aimlcoe-dis-upr,lt-dia-aimlcoe-dis-upr-dev-w-1,northamerica-northeast1-b
lt-dia-aimlcoe-dis-upr,lt-dia-aimlcoe-dis-upr-dev-w-2,northamerica-northeast1-b
lt-dia-aml-dis-upr,vlamlupr001,northamerica-northeast1-a
lt-dia-analytics-exp-cfs,ppl-analytics-notebook,northamerica-northeast1-b
lt-dia-analytics-exp-flyeng,instance-1,northamerica-northeast1-b
lt-dia-analytics-exp-jfeco,connector-instance,northamerica-northeast1-a
lt-dia-analytics-exp-lmedia,loyaltytool-poc,northamerica-northeast1-a
lt-dia-analytics-exp-mdo,dia-exp-mdo-aiplatformexp001,northamerica-northeast1-a
lt-dia-analytics-exp-mdo,dia-exp-mdo-computeexp001,northamerica-northeast1-b
lt-dia-analytics-exp-mdor,python-20210527-101439,northamerica-northeast1-b
lt-dia-analytics-exp-mdor,python-20210719-103918,northamerica-northeast1-b
lt-dia-analytics-prd-cfs,ppl-analytics-notebook,northamerica-northeast1-b
lt-dia-analytics-sd-exp-spo,spo-exp-notebook,northamerica-northeast1-a
lt-dia-analytics-se-exp-jfeco,vljfecoexp001,northamerica-northeast1-b
lt-dia-analytics-se-prd-jfeco,vljfecoprd001,northamerica-northeast1-b
lt-dia-analytics-se-prd-spo,vlsepo001,northamerica-northeast1-b
lt-dia-analytics-se-prd-spo,vwsepo001,northamerica-northeast1-b
lt-dia-analytics-se-spo,vlsepo001,northamerica-northeast1-b
lt-dia-analytics-se-spo,vwsepo001,northamerica-northeast1-b
lt-dia-analytics-se-stg-spo,vwsespostaging001,northamerica-northeast1-b
lt-dia-analytics-se-val-jfeco,vljfecoval001,northamerica-northeast1-b
lt-dia-analytics-se-val-spo,vlsepo001,northamerica-northeast1-b
lt-dia-analytics-se-val-spo,vwsepo001,northamerica-northeast1-b
lt-dia-analytics-val-cfs,ppl-analytics-notebook,northamerica-northeast1-b
lt-dia-analytics-val-hdps,beam-20230512-123411,northamerica-northeast1-b
lt-dia-analytics-val-mdo,dia-val-mdo-computeval001,northamerica-northeast1-b
lt-dia-analytics-val-shrink,testinstance,northamerica-northeast1-a
lt-dia-apa-dis-upr-1,vlapapr001,northamerica-northeast1-a
lt-dia-bci-dis-upr,bci-dis-upr-notebook,northamerica-northeast1-a
lt-dia-bit-dis-upr,scadev-ai-notebook,northamerica-northeast1-a
lt-dia-bitools-exp,vwqlkex001,northamerica-northeast1-a
lt-dia-bitools-exp,vwqlkex002,northamerica-northeast1-c
lt-dia-bitools-exp,vwqlkex003,northamerica-northeast1-c
lt-dia-bitools-sbx,vwqlkdv001,northamerica-northeast1-a
lt-dia-bitools-sbx,vwqlkdv002,northamerica-northeast1-a
lt-dia-bitools-sbx,vwqlkdv003,northamerica-northeast1-a
lt-dia-bitools-sbx,vwqlkdv004,northamerica-northeast1-a
lt-dia-bitools-sbx,vwqlkdv005,northamerica-northeast1-c
lt-dia-bitools-sbx,vwqlkdv006,northamerica-northeast1-c
lt-dia-bitools-upr,vwqlkpr001,northamerica-northeast1-a
lt-dia-bitools-upr,vwqlkpr004,northamerica-northeast1-a
lt-dia-bitools-upr,vwqlkpr005,northamerica-northeast1-a
lt-dia-bitools-upr,vwqlkpr008,northamerica-northeast1-a
lt-dia-bitools-upr,vwqlkpr009,northamerica-northeast1-a
lt-dia-bitools-upr,vwqlkpr010,northamerica-northeast1-a
lt-dia-bitools-upr,vwqlkpr002,northamerica-northeast1-b
lt-dia-bitools-upr,vwqlkpr006,northamerica-northeast1-b
lt-dia-bitools-upr,vwqlkpr003,northamerica-northeast1-c
lt-dia-bitools-upr,vwqlkpr007,northamerica-northeast1-c
lt-dia-bitools-val,vwqlkva001,northamerica-northeast1-a
lt-dia-bitools-val,vwqlkva002,northamerica-northeast1-a
lt-dia-bitools-val,vwqlkva003,northamerica-northeast1-a
lt-dia-bitools-val,vwqlkva004,northamerica-northeast1-c
lt-dia-da-dis-lwr,nbdiapt002,northamerica-northeast1-a
lt-dia-health-dis-rd,healthdisrd001,northamerica-northeast1-a
lt-dia-lake-exp,vllakpr001,northamerica-northeast1-a
lt-dia-lake-exp,vllakpr002,northamerica-northeast1-a
lt-dia-lake-exp,vllakrstpr001,northamerica-northeast1-a
lt-dia-lake-exp-rdm,mig-rdm-web-exp-262p,northamerica-northeast1-b
lt-dia-lake-exp-techcompute,cdf-sql-test,northamerica-northeast1-a
lt-dia-lake-exp-techcompute,kafkavm,northamerica-northeast1-b
lt-dia-lake-prd-rdm,mig-rdm-prd-web-app-001-tff0,northamerica-northeast1-b
lt-dia-lake-prd-techcompute,vwdba001,northamerica-northeast1-b
lt-dia-lake-prod,vllakpr003,northamerica-northeast1-a
lt-dia-lake-prod,vlabival003,northamerica-northeast1-b
lt-dia-lake-val,vllakpr002,northamerica-northeast1-a
lt-dia-lma-dis-upr,vmlmaupr001,northamerica-northeast1-b
lt-dia-loyaltytool-sbx,vlloyaltysbx001,northamerica-northeast1-b
lt-dia-mkt-dis-sbx,vlmktsbx002,northamerica-northeast1-a
lt-dia-pch-dis-upr,vlpchuprjhubupr001,northamerica-northeast1-b
lt-dia-pdl-dis-upr,vlpdlupr001,northamerica-northeast1-a
lt-dia-pdl-dis-upr,vwpdlupr001,northamerica-northeast1-a
lt-dia-playground-sb,tensorflow-2-3-20201202-100640,northamerica-northeast1-a
lt-dia-pmoto-dis-upr,shubham-m-no-idle-deletion-m,northamerica-northeast1-b
lt-dia-pmoto-dis-upr,shubham-m-no-idle-deletion-w-0,northamerica-northeast1-b
lt-dia-pmoto-dis-upr,shubham-m-no-idle-deletion-w-1,northamerica-northeast1-b
lt-dia-pmoto-dis-upr,shubham-m-no-idle-deletion-w-2,northamerica-northeast1-b
lt-dia-pmoto-dis-upr,shubham-m-no-idle-deletion-w-3,northamerica-northeast1-b
lt-dia-poc,vlxjhubdev001,northamerica-northeast1-a
lt-dia-poc,vwjhubdev001,northamerica-northeast1-a
lt-dia-pop-dis-upr,vlpopbas001,northamerica-northeast1-a
lt-dia-pop-dis-upr,vlpoppr001,northamerica-northeast1-a
lt-dia-pop-dis-upr,vlpoppr002,northamerica-northeast1-a
lt-dia-pop-dis-upr,vlpoppr003,northamerica-northeast1-a
lt-dia-pop-dis-upr,vlpoppr004,northamerica-northeast1-a
lt-dia-pop-dis-upr,vlpopprd001,northamerica-northeast1-b
lt-dia-pow-dis-lwr,vwpowlwr001,northamerica-northeast1-b
lt-dia-ppl-dis-upr,hranalytics-ai-notebook,northamerica-northeast1-a
lt-dia-ppt-dis-upr,vlpptpr001,northamerica-northeast1-a
lt-dia-ppt-dis-upr,vlpptpr002,northamerica-northeast1-a
lt-dia-ppt-dis-upr,vlpptpr003,northamerica-northeast1-a
lt-dia-ppt-dis-upr,vlpptpr004,northamerica-northeast1-a
lt-dia-ppt-dis-upr,vlpptpr005,northamerica-northeast1-a
lt-dia-scr-dis-upr,diascrdp001-m,northamerica-northeast1-b
lt-dia-scr-dis-upr,diascrdp001-w-0,northamerica-northeast1-b
lt-dia-scr-dis-upr,diascrdp001-w-1,northamerica-northeast1-b
lt-dia-solutions-delivery-poc,model-ops-model-supervised,northamerica-northeast1-b
lt-dia-tools-exp,vlatlex001,northamerica-northeast1-a
lt-dia-tools-exp,vledcex002,northamerica-northeast1-a
lt-dia-tools-exp,vlidqex002,northamerica-northeast1-a
lt-dia-tools-exp,vlmdmex001,northamerica-northeast1-a
lt-dia-tools-exp,vwatlex001,northamerica-northeast1-a
lt-dia-tools-exp,vwtolex001,northamerica-northeast1-a
lt-dia-tools-exp,vledcex001,northamerica-northeast1-b
lt-dia-tools-exp,vlidqex001,northamerica-northeast1-b
lt-dia-tools-exp,vlmdmex002,northamerica-northeast1-b
lt-dia-tools-exp,vwmdmex001,northamerica-northeast1-b
lt-dia-tools-upr,vlattpr002,northamerica-northeast1-a
lt-dia-tools-upr,vledcpr010,northamerica-northeast1-a
lt-dia-tools-upr,vledcpr013,northamerica-northeast1-a
lt-dia-tools-upr,vlidqpr001,northamerica-northeast1-a
lt-dia-tools-upr,vlidqpr002,northamerica-northeast1-a
lt-dia-tools-upr,vlmdmpr001,northamerica-northeast1-a
lt-dia-tools-upr,vlmdmpr003,northamerica-northeast1-a
lt-dia-tools-upr,vlmdmpr005,northamerica-northeast1-a
lt-dia-tools-upr,vwmdmpr001,northamerica-northeast1-a
lt-dia-tools-upr,vledcpr011,northamerica-northeast1-b
lt-dia-tools-upr,vledcpr014,northamerica-northeast1-b
lt-dia-tools-upr,vlidqpr003,northamerica-northeast1-b
lt-dia-tools-upr,vlmdmpr002,northamerica-northeast1-b
lt-dia-tools-upr,vlmdmpr004,northamerica-northeast1-b
lt-dia-tools-upr,vlmdmpr006,northamerica-northeast1-b
lt-dia-tools-upr,vwmdmpr002,northamerica-northeast1-b
lt-dia-tools-upr,vledcpr012,northamerica-northeast1-c
lt-dia-tools-upr,vledcpr015,northamerica-northeast1-c
lt-dia-tools-val,vlattdv002,northamerica-northeast1-a
lt-dia-tools-val,vledcva001,northamerica-northeast1-a
lt-dia-tools-val,vledcva003,northamerica-northeast1-a
lt-dia-tools-val,vlidqva001,northamerica-northeast1-a
lt-dia-tools-val,vlidqva002,northamerica-northeast1-a
lt-dia-tools-val,vlmdmva001,northamerica-northeast1-a
lt-dia-tools-val,vlmdmva002,northamerica-northeast1-a
lt-dia-tools-val,vlmdmva003,northamerica-northeast1-a
lt-dia-tools-val,vwmdmva001,northamerica-northeast1-a
lt-dia-tools-val,vledcva002,northamerica-northeast1-b
lt-dia-tools-val,vledcva004,northamerica-northeast1-b
lt-dia-tools-val,vledcva005,northamerica-northeast1-c
lt-dia-uos-dis-lwr,vluoslwr001,northamerica-northeast1-b
lt-dih-etl-clients-prd,vldihdr001,us-east1-c
lt-dih-etl-clients-prd,vldihdr002,us-east1-c
lt-dih-etl-clients-prd,vldihdr003,us-east1-c
lt-dih-etl-clients-prd,vldihdr004,us-east1-c
lt-dih-etl-clients-prd,vldihdr005,us-east1-c
lt-dih-etl-clients-prd,vldihdr006,us-east1-c
lt-dih-etl-clients-prd,vldihdr007,us-east1-c
lt-dih-etl-clients-prd,vldihdr008,us-east1-c
lt-dih-etl-clients-prd,vldihdr009,us-east1-c
lt-dih-etl-clients-prd,vldihdr010,us-east1-c
lt-dih-etl-clients-prd,vldihdr011,us-east1-c
lt-dih-etl-clients-prd,vldihdr012,us-east1-c
lt-dih-etl-clients-prd,vldihdr013,us-east1-c
lt-dih-etl-clients-prd,vldihdr014,us-east1-c
lt-dih-etl-clients-prd,vldihdr015,us-east1-c
lt-dih-etl-clients-prd,vldihdr016,us-east1-c
lt-dih-etl-clients-prd,vldihdr017,us-east1-c
lt-dih-etl-clients-prd,vwdihdr003,us-east1-c
lt-dih-etl-clients-prd,vwdihdr005,us-east1-c
lt-dih-etl-clients-prd,vldihpr001,northamerica-northeast1-b
lt-dih-etl-clients-prd,vldihpr002,northamerica-northeast1-b
lt-dih-etl-clients-prd,vldihpr003,northamerica-northeast1-b
lt-dih-etl-clients-prd,vldihpr004,northamerica-northeast1-b
lt-dih-etl-clients-prd,vldihpr005,northamerica-northeast1-b
lt-dih-etl-clients-prd,vldihpr006,northamerica-northeast1-b
lt-dih-etl-clients-prd,vldihpr007,northamerica-northeast1-b
lt-dih-etl-clients-prd,vldihpr008,northamerica-northeast1-b
lt-dih-etl-clients-prd,vldihpr009,northamerica-northeast1-b
lt-dih-etl-clients-prd,vldihpr010,northamerica-northeast1-b
lt-dih-etl-clients-prd,vldihpr011,northamerica-northeast1-b
lt-dih-etl-clients-prd,vldihpr012,northamerica-northeast1-b
lt-dih-etl-clients-prd,vldihpr013,northamerica-northeast1-b
lt-dih-etl-clients-prd,vldihpr014,northamerica-northeast1-b
lt-dih-etl-clients-prd,vldihpr015,northamerica-northeast1-b
lt-dih-etl-clients-prd,vldihpr016,northamerica-northeast1-b
lt-dih-etl-clients-prd,vldihpr017,northamerica-northeast1-b
lt-dih-etl-clients-prd,vldihpr018,northamerica-northeast1-b
lt-dih-etl-clients-prd,vldihpr019,northamerica-northeast1-b
lt-dih-etl-clients-prd,vldihpr020,northamerica-northeast1-b
lt-dih-etl-clients-prd,vldihpr021,northamerica-northeast1-b
lt-dih-etl-clients-prd,vldihpr022,northamerica-northeast1-b
lt-dih-etl-clients-prd,vldihpr023,northamerica-northeast1-b
lt-dih-etl-clients-prd,vldihpr024,northamerica-northeast1-b
lt-dih-etl-clients-prd,vldihpr025,northamerica-northeast1-b
lt-dih-etl-clients-prd,vwdihpr003,northamerica-northeast1-b
lt-dih-etl-clients-prd,vwdihpr005,northamerica-northeast1-b
lt-dih-etl-clients-sit,vldihsit001,northamerica-northeast1-b
lt-dih-etl-clients-sit,vldihsit002,northamerica-northeast1-b
lt-dih-etl-clients-sit,vldihsit003,northamerica-northeast1-b
lt-dih-etl-clients-sit,vldihsit004,northamerica-northeast1-b
lt-dih-etl-clients-sit,vldihsit005,northamerica-northeast1-b
lt-dih-etl-clients-sit,vldihsit006,northamerica-northeast1-b
lt-dih-etl-clients-sit,vldihsit007,northamerica-northeast1-b
lt-dih-etl-clients-sit,vldihsit008,northamerica-northeast1-b
lt-dih-etl-clients-sit,vldihsit009,northamerica-northeast1-b
lt-dih-etl-clients-sit,vldihsit010,northamerica-northeast1-b
lt-dih-etl-clients-sit,vldihsit011,northamerica-northeast1-b
lt-dih-etl-clients-sit,vwdihsit001,northamerica-northeast1-b
lt-dih-etl-clients-sit,vwdihsit002,northamerica-northeast1-b
lt-dom-lwr,vldomdv001,northamerica-northeast1-a
lt-dom-lwr,vldomdv002,northamerica-northeast1-a
lt-dom-upr,vldompr001,northamerica-northeast1-a
lt-ecm-lwr,vlecmlwr001,northamerica-northeast1-b
lt-ecm-upr,vlecmupr001,northamerica-northeast1-b
lt-eim-pdl-adj-lwr,eimpdladjlwr001,northamerica-northeast1-b
lt-entuity,vlenmpr001,northamerica-northeast1-b
lt-entuity,vlenmpr002,northamerica-northeast1-b
lt-mdo-lwr,vwmdodv001,northamerica-northeast1-a
lt-mdo-lwr,vwmdodv002,northamerica-northeast1-a
lt-mdo-lwr,windows-mysql,northamerica-northeast1-a
lt-mdo-upr,vwmdopr001,northamerica-northeast1-a
lt-pcf-analytics-exp,cluster-pds-m,northamerica-northeast1-a
lt-pcf-analytics-exp,cluster-pds-w-0,northamerica-northeast1-a
lt-pcf-analytics-exp,cluster-pds-w-1,northamerica-northeast1-a
lt-pcf-analytics-exp,cluster-pds-w-2,northamerica-northeast1-a
lt-pcf-analytics-exp,cluster-pds-w-3,northamerica-northeast1-a
lt-pcf-analytics-exp,nbpcfpr001,northamerica-northeast1-a
lt-pcf-analytics-exp,vwpcfdr001,northamerica-northeast1-a
lt-pcf-analytics-exp,vwpcfpr001,northamerica-northeast1-a
lt-pcf-analytics-exp,vwpcfpr002,northamerica-northeast1-a
lt-prt-dsg-lwr,sftp-poc-vm,northamerica-northeast1-c
lt-supchn-upr,lt-supchn-nb-02,northamerica-northeast1-a
lt-supchn-upr,lt-supchn-nb-03,northamerica-northeast1-a
lt-supchn-upr,lt-supchn-nb-04,northamerica-northeast1-a
lt-supchn-upr,lt-supchn-nb-05,northamerica-northeast1-a
lt-supchn-upr,vwtdppr001,northamerica-northeast1-b
lt-tdp-upr,vltdpqgpr001,northamerica-northeast1-b
lt-truesight,vlbsapr001,northamerica-northeast1-b
lt-truesight,vlbsapr002,northamerica-northeast1-b
lt-truesight,vlbsapr003,northamerica-northeast1-b
lt-truesight,vlbsapr004,northamerica-northeast1-b
lt-truesight,vlbsapr006,northamerica-northeast1-b
lt-truesight,vlbsapr007,northamerica-northeast1-b
playground-aps-sre-sb,instance-3,northamerica-northeast1-a
playground-aps-sre-sb,test-notebook-1,northamerica-northeast1-a
playground-aps-sre-sb,testssh,northamerica-northeast1-a
playground-aps-sre-sb,tfclonetestanslwr001,northamerica-northeast1-a
playground-aps-sre-sb,vm-scheduling,northamerica-northeast1-a
playground-aps-sre-sb,cluster-f540-m,northamerica-northeast1-b
playground-aps-sre-sb,instance-2,northamerica-northeast1-b
playground-aps-sre-sb,vwapssredev001,northamerica-northeast1-b
